邀请码,Orderly Ref Code,绑定地址,绑定时间
UMZ8YL,ADSDS,,
44TRN4,ABCDEF,0x2496F54b6c86088C6734351d9f274e14ADcd1F93,2026-06-14T16:08:55.223Z
5YVEV9,,,
Y4ABQA,,,
QVMCE6,,,
6L2X7K,,,
G6W7GM,,,
5D67YF,,,
RT4UT6,,,
F4HKSA,,,
MT5TKL,,,
GS5X9M,,,
DSZT2Y,,,
7CLKW8,,,
ZR4KCH,,,
44KT8R,,,
N4CEA9,,,
L8CR9V,,,
7N4AC9,,,
BXNS5A,,,
RFESV7,,,
NBB2EY,,,
25H5NJ,,,
5ZMZRQ,,,
SL25CL,,,
6FWT7H,,,
5VCDRM,,,
73WJ5F,,,
8DY4KV,,,
JS9QCC,,,
A8AP3W,,,
ZTF9EU,,,
56X75S,,,
B9CA8V,,,
GLDJ5K,,,
R2FP9K,,,
6TMHXD,,,
2ZPSHJ,,,
9M2V8Q,,,
FU4ZWL,,,
DYBT64,,,
W8WW8N,,,
5NMAFM,,,
FFX2M3,,,
2HX9GP,,,
6LTBBR,,,
AMTU55,,,
UMV3CQ,,,
2BN5CY,,,
78XYJT,,,
87A5ZV,,,
Q7RLF8,,,
F5JPAD,,,
XZ6XX6,,,
2DV4BK,,,
TG7PB5,,,
B34MGU,,,
2EMKX2,,,
C3YWB2,,,
4C4RXD,,,
42D2M3,,,
L68DP5,,,
2YXDBF,,,
K4VGET,,,
6KGZUL,,,
DB97CN,,,
TJRHF5,,,
BF62VT,,,
V3FKUZ,,,
8GVCGM,,,
DJF2MG,,,
7JP7T4,,,
C375XH,,,
64YUM7,,,
FG2RNP,,,
RUL9FS,,,
T5U3B8,,,
KWTHQ8,,,
9CD7SC,,,
J7E3NW,,,
2GAYGL,,,
J8MAEQ,,,
8EPTVG,,,
4BNJDE,,,
NLDJK8,,,
EP59WD,,,
82SA2L,,,
WPD5J7,,,
WBFW3E,,,
2D9VTY,,,
4LNFTV,,,
Q6V62N,,,
EUPZH3,,,
GXVB6C,,,
RE2XQD,,,
AK8UU4,,,
ZC8Q35,,,
8J8FJW,,,
2TS8C5,,,
SZ7MVL,,,
Q3USBL,,,
7QF4YK,,,
G2C5TG,,,
CTYLK8,,,
MKG6P2,,,
2LEPD6,,,
C3ZNX2,,,
2TVWSP,,,
9B8F7K,,,
T2SM6P,,,
DQ6E87,,,
3P4BVA,,,
R72ZGJ,,,
8NBG5X,,,
7AWGUW,,,
T64ZFW,,,
R4N57V,,,
3XY3MP,,,
2WE9KD,,,
YR4TD6,,,
MT6SGM,,,
JQ8ENP,,,
97CWB4,,,
9RYTKA,,,
RG7W9K,,,
NB22NA,,,
J8SWEW,,,
KHV8YH,,,
49BN6R,,,
KG5JMN,,,
Q742GL,,,
PNNWW5,,,
WFNST3,,,
X5Z2BJ,,,
S4ZS6Y,,,
2L2YPE,,,
V5A7Y5,,,
BA3PSQ,,,
7572K4,,,
UDA3GP,,,
MGM6FR,,,
W5SYEF,,,
2X93T7,,,
W3KRBS,,,
98W6U9,,,
9Y5768,,,
STWN8U,,,
ZQC2KJ,,,
JK3HXU,,,
N4DW4L,,,
224QCR,,,
HCMX5B,,,
QXB4LV,,,
9CC6YA,,,
7S5ACG,,,
AN76Z9,,,
92F4WT,,,
QLH5ZT,,,
24ND28,,,
MEEF6R,,,
DDL8SC,,,
XEK5ZA,,,
DCX5SY,,,
3R3JWT,,,
9KS8JC,,,
MFM373,,,
P2TC7U,,,
FKN8MW,,,
BQ9RGT,,,
2QYR5V,,,
5YDV7J,,,
EAWV84,,,
DHAFY5,,,
VJ3PY6,,,
8XDRST,,,
8KY4Q5,,,
2KJ8RY,,,
S4TV5T,,,
E47LPV,,,
GT6A9X,,,
6RYBK5,,,
EH3HNV,,,
KTRE26,,,
T2H9SX,,,
C3Z94E,,,
6J3LVN,,,
T9SV2K,,,
D3M6WR,,,
ULJRV3,,,
3894QS,,,
5SX68M,,,
9JRUW8,,,
CURK6A,,,
CFU9NC,,,
LS3RY7,,,
7ZZRJT,,,
UH43HG,,,
7WNPZQ,,,
U7WDHC,,,
W3SMT3,,,
6QXJXG,,,
7RN4B4,,,
6N9MNZ,,,
568EU3,,,
TARW5T,,,
EWUNR9,,,
VNEJ84,,,
WHE92G,,,
XDANH3,,,
N3BQFF,,,
ZEX8HA,,,
4Y6NSD,,,
SD38FJ,,,
J3LMVY,,,
Y85FVF,,,
KXA9VN,,,
BPH9KU,,,
H587Q3,,,
WWFH28,,,
TSMJ69,,,
7FWFP3,,,
Z3UGHL,,,
BDQRF6,,,
4KFWJV,,,
WR9XRX,,,
3H29CJ,,,
7MXDF9,,,
C3S3N3,,,
YR4JDN,,,
ZSXDS5,,,
P79ZBG,,,
FNCH6B,,,
5UNCVW,,,
M2EFYB,,,
PD9Z7G,,,
NNQ98K,,,
NJVWT6,,,
C72H7L,,,
GQ3KJP,,,
QBAS4G,,,
MXNS7U,,,
VFR2XQ,,,
A7WP3F,,,
C2SHXM,,,
5UQKXN,,,
DS7WMF,,,
UFG9C5,,,
VH8DVQ,,,
Q7M3TF,,,
EF6MMC,,,
3DR472,,,
SWBB8N,,,
9D3PPY,,,
8CEC4E,,,
X7RL7M,,,
BKN6GZ,,,
7ZSABP,,,
TDK6CF,,,
T7DGMU,,,
XF6ELT,,,
4E8TNZ,,,
22BW2K,,,
VCJ7AB,,,
FJXP8E,,,
N5MU7K,,,
KS9S2S,,,
PUTUG8,,,
D76RZN,,,
CQVD5M,,,
JM4SEZ,,,
XT9WH4,,,
Z6W2FC,,,
SR2PA6,,,
EML8YF,,,
R3H395,,,
JK4W6A,,,
3T52YK,,,
BYL2HR,,,
6YB52B,,,
BTB26J,,,
X9LHPU,,,
NJJL86,,,
RC72PU,,,
XBPYU6,,,
R3HTA3,,,
BM2UQL,,,
L5AT9U,,,
LH9XJZ,,,
HXE27A,,,
L64GXH,,,
6VMJY3,,,
M5DFX6,,,
VV9PKX,,,
BVKD8A,,,
DM38MV,,,
8B46GV,,,
34CJ9X,,,
3SNX66,,,
5QU46Z,,,
2J9VRU,,,
5XYH2N,,,
2AXBA6,,,
FFW48J,,,
WS5LNX,,,
4BE27Z,,,
XEZ37D,,,
SALYT7,,,
DDP5BN,,,
8TNY5D,,,
CBM654,,,
WWKM76,,,
8KH2L8,,,
2UCFVK,,,
SEY4FU,,,
V9D8PM,,,
36J6E9,,,
JQALQ9,,,
J5J4JM,,,
64LTGN,,,
L5J36D,,,
MVV3Q6,,,
33KBQA,,,
5C4NMT,,,
H4KFR6,,,
KFH446,,,
TH48UR,,,
G23P47,,,
SE76M5,,,
6FSJ3B,,,
VWUBV4,,,
AE8BR5,,,
Z6QS3B,,,
R22A6P,,,
8L6L6T,,,
BP7688,,,
GV7XDU,,,
6CRJ6C,,,
UYLSP6,,,
FV3W2U,,,
A6FA9E,,,
QFQR5M,,,
EHKFY3,,,
992CUV,,,
QM6BWB,,,
893ZWC,,,
HYHE57,,,
HMUN5X,,,
AX8ZLK,,,
D88HTC,,,
2FADNJ,,,
VWW72Z,,,
29PAHP,,,
SED222,,,
MTF8YL,,,
6TL8Q4,,,
9DZKJV,,,
UX3AW4,,,
B9X7P3,,,
2TN7JD,,,
JB7Q6B,,,
XP54TT,,,
P54Y3N,,,
56PX8F,,,
X93W2S,,,
UV68HD,,,
EX8UVT,,,
PME88E,,,
JP2K7F,,,
FNNCC6,,,
6J5MXA,,,
F7FY6B,,,
D26X5K,,,
XBG5G7,,,
UW759A,,,
8TGMEJ,,,
5S34VD,,,
B54JJG,,,
B3NAJV,,,
JC5RDY,,,
Y498GP,,,
T7HLL8,,,
HTA25S,,,
DH86K8,,,
4GDQNY,,,
EAA4PK,,,
V67FME,,,
3W3V5C,,,
BL2V6F,,,
FFYK9R,,,
B3D3EQ,,,
QR5BNJ,,,
7PDSDA,,,
Z7BGFV,,,
2NJFQY,,,
5MKDFW,,,
7UGJAZ,,,
NLFZ4B,,,
7JNMLH,,,
4BWP9P,,,
ZM5VCC,,,
HALTQ3,,,
LQHU34,,,
3DK6UM,,,
YYV6RN,,,
HK5C3Q,,,
6RJ99X,,,
U4RPZC,,,
G5AHUX,,,
3HBV4Y,,,
338D6F,,,
2DZ9YP,,,
P8F4XX,,,
USR2QG,,,
44CRUA,,,
FDZC2A,,,
H9NVLG,,,
RR7L2D,,,
E7EDDK,,,
6ZA3TV,,,
EK9EHM,,,
UP5YAE,,,
P7GGR9,,,
D77QHP,,,
AY8SPN,,,
ZKRC5M,,,
TRWK3X,,,
2Z9P9W,,,
BNF9FV,,,
QPC8LF,,,
RNMTY2,,,
HXT2A3,,,
U49CNU,,,
NQB37V,,,
TSV8M6,,,
R77UTA,,,
7XXNLC,,,
MXZX7D,,,
YAAF2A,,,
DJNF4E,,,
DY872Y,,,
RMP52J,,,
V7L9GX,,,
5YUHJV,,,
PSU9BJ,,,
WFV9NW,,,
4RKY3L,,,
AMWA8U,,,
4QMWQ7,,,
QWB8FR,,,
92SKUB,,,
AASSQ9,,,
G4YS6U,,,
VQY297,,,
5JSKVH,,,
MT4AFR,,,
34J2CE,,,
4KSE87,,,
MH7YVX,,,
XT7RGP,,,
L2XDVM,,,
K5V7CG,,,
J72VSP,,,
TRDVL5,,,
LBL7FC,,,
WHJ55G,,,
EGJNS2,,,
8U3WF3,,,
YXY3MF,,,
6TZA7N,,,
XVHSJ9,,,
NZL7VP,,,
8G6QUN,,,
LXCEW8,,,
9LM66W,,,
GTR9JE,,,
8ZC4VQ,,,
U5MQ3R,,,
ETX59X,,,
ZLK3XL,,,
WX2AS6,,,
547HJM,,,
NZU7VX,,,
4RZBWE,,,
LD2EY2,,,
HMQWV9,,,
8HAMAV,,,
5WX95Q,,,
5AT98J,,,
XNN2CE,,,
9UGQAT,,,
ZMKPM5,,,
VP767R,,,
XPBV7G,,,
9NSY6Z,,,
QWV8KJ,,,
XH9FVQ,,,
BTYU6P,,,
BDHK3T,,,
HS3WSU,,,
S7WL99,,,
TCTWR2,,,
72BUM4,,,
9BGYJB,,,
UGUAC5,,,
L2L683,,,
Z8M7NC,,,
V72LB5,,,
GE9WJ5,,,
47CR7Z,,,
JZAT6J,,,
6KCTE4,,,
NQ42DW,,,
JS4APT,,,
77CTXN,,,
YVVL5C,,,
C2HNJE,,,
2BR66G,,,
V6PQ8V,,,
X23JDJ,,,
KL9LB9,,,
KVUB2S,,,
7ZTK9H,,,
NU8H67,,,
PHQ8FS,,,
4Z5YD6,,,
C3PUSH,,,
6JA8BS,,,
5M6PHH,,,
PF85BQ,,,
58NLTC,,,
E8J3VQ,,,
X9KWH6,,,
CMPTY3,,,
BXUP4K,,,
KCP2QS,,,
35J5SH,,,
BEV5J4,,,
896C7D,,,
9DNMRE,,,
7UTW2N,,,
VT7MUK,,,
FGYNY5,,,
G544TB,,,
CYNZ9U,,,
4N9S2P,,,
7S7F3W,,,
WP8NX6,,,
CU2MTW,,,
RUP3WH,,,
6YAM4K,,,
69U7VG,,,
63TZFQ,,,
HW6LTX,,,
3CZ8LE,,,
UYSMM3,,,
3SZ4LG,,,
5E58YQ,,,
HK9PSM,,,
WEU8KM,,,
RP2BW5,,,
KA584T,,,
SAFTL4,,,
FHJW82,,,
6XZBHW,,,
G8F87E,,,
J28T9R,,,
SSCNE7,,,
5HU5G5,,,
W2C3LX,,,
PV9384,,,
25CYWF,,,
K49D3A,,,
ERTZR6,,,
3DBW3D,,,
25ADUQ,,,
83SCPG,,,
PM4TK9,,,
QBEE5A,,,
CDZD8Q,,,
MFPN8P,,,
V8MWEQ,,,
X4UBET,,,
7TANXW,,,
YSQ8KG,,,
4ENV3R,,,
K8EAYG,,,
AF2G8D,,,
YQ9ZKC,,,
YZN5BH,,,
4U9EXA,,,
9N3FK7,,,
F34PTM,,,
TUL5VL,,,
RZCZ8Z,,,
QFJ9ZT,,,
PFWSH5,,,
MQ7PBY,,,
P5G57A,,,
AG375L,,,
AMJ3UH,,,
4D6KM4,,,
4N7DB4,,,
95FD5M,,,
528ETC,,,
ADMEZ5,,,
CP2V4G,,,
LFL3VA,,,
H4WLV6,,,
8RNY4J,,,
5J92CU,,,
27RXAQ,,,
G7GUK6,,,
A8L4XX,,,
D8BLWC,,,
UWX4Z4,,,
AKH7EQ,,,
4QVWF3,,,
MN6X5G,,,
94SU2L,,,
9UJ9NQ,,,
YJ2URN,,,
BQV6CR,,,
BV2JSW,,,
U3UP4H,,,
XUC9DD,,,
39MFK9,,,
PUNQD2,,,
RYFCH2,,,
F274QA,,,
Y7TQZZ,,,
KD6MLG,,,
S6PDNK,,,
KPYQ8F,,,
G57ZQU,,,
YDF7P3,,,
PCZXD3,,,
Y3EPCA,,,
V5K68H,,,
VXQ7P2,,,
RJLEJ6,,,
U9Z7YZ,,,
C8SA7D,,,
Y8K7E5,,,
NVFS3A,,,
BM6E7T,,,
PZAH2H,,,
JTHG8Z,,,
EEB3AF,,,
8XLWKK,,,
NSGBK8,,,
Q82TRY,,,
KA593F,,,
7TEAGW,,,
A7G7EE,,,
T4B32Q,,,
TKFLK4,,,
UFE26Z,,,
CJ2QAR,,,
4THXU4,,,
5KHUT8,,,
RYGH9T,,,
4BJREA,,,
KP7AYZ,,,
BC62XX,,,
PY236G,,,
BKWXD9,,,
B6SKMH,,,
5MN4HQ,,,
NAE3Y5,,,
652DNY,,,
6GTBTA,,,
DE5KRY,,,
ZRX57F,,,
SG7PVF,,,
E76YQX,,,
KC5A5V,,,
56SMJ7,,,
Z27Z9A,,,
5UZM2J,,,
QMAVQ5,,,
A6LYNN,,,
SXCE3V,,,
Y7M2ZL,,,
8J3UQP,,,
Q28CHZ,,,
H959CF,,,
4BCC2G,,,
FJN8VJ,,,
M3T6X5,,,
Z37DKP,,,
6EL89Z,,,
7X7VB5,,,
AX9U4D,,,
NKPQZ3,,,
5VRLMN,,,
YM6CCW,,,
KK7ZE4,,,
BK484M,,,
9QEGLJ,,,
4SMVF8,,,
5TK4N5,,,
52SY4B,,,
LC77XS,,,
FCT2BY,,,
J58F5R,,,
R9BTTV,,,
A77ATY,,,
5HHK9J,,,
WGJUP9,,,
2JNMT6,,,
CCKR5L,,,
F2QLRH,,,
BDCW85,,,
FXYXV9,,,
D7NQP8,,,
HCBA7Y,,,
SH4NYU,,,
EQDN8P,,,
6Z3ZGP,,,
UC9EXQ,,,
KQ86KS,,,
HLUZ3Y,,,
8HJBTE,,,
B48499,,,
K7K3M4,,,
9JPAF7,,,
9BWB2U,,,
MBVEB9,,,
MXCR6P,,,
8Y9PVT,,,
XVFRT3,,,
77337T,,,
C2G9LT,,,
YRZ4XY,,,
L69DGN,,,
SH6ZCC,,,
WUZDW9,,,
ER88CZ,,,
US7KBT,,,
3QEVW5,,,
HXYFX7,,,
8HP8WF,,,
WWF3ZF,,,
XWF72J,,,
4MPR5L,,,
VVNG8T,,,
884LGP,,,
5432RV,,,
AV47YR,,,
C2ZL2J,,,
8LYBRC,,,
EDR97Y,,,
MHLVA9,,,
KJWEU5,,,
4FHHUX,,,
42ZY7D,,,
NT5U2P,,,
KA9QNR,,,
55YYBA,,,
TVKM5H,,,
LRL3AU,,,
4B62W4,,,
B6WURN,,,
7JLZCP,,,
NUFFF2,,,
8V82Y7,,,
6MAJ7A,,,
A94ZUA,,,
9XJFLT,,,
C3X2C8,,,
MPBF4A,,,
HU3L7X,,,
6JZ5LV,,,
EW66AN,,,
YC4P3Q,,,
8GJNUR,,,
LQB9ZD,,,
KY3GSC,,,
9V87GE,,,
8J7UPH,,,
94GJRL,,,
PBBNJ6,,,
6P6WWX,,,
WUG865,,,
U2R9YH,,,
Y5JSN3,,,
4UXK99,,,
Z84RF8,,,
8MNEZ5,,,
R4PA7R,,,
ZNY68K,,,
A48SA7,,,
F5UQ3P,,,
R72DM3,,,
E8HU8E,,,
Y94AQ9,,,
7G48NG,,,
TQFU6V,,,
CTNP5S,,,
Q6N9KH,,,
KSDRP8,,,
NKDT5H,,,
4MSDAV,,,
KMCRU7,,,
N7N7XX,,,
C8EB4D,,,
257WNH,,,
BHZ7W3,,,
6QGG8K,,,
8DKW6V,,,
G92JCS,,,
3KL7QC,,,
5A72Q3,,,
K3CDAK,,,
ZUR3ZL,,,
XK66A2,,,
LH5LDZ,,,
6QP6XF,,,
ND22GY,,,
S3T3GN,,,
RGM458,,,
RV7YKJ,,,
6THJ53,,,
VM9M74,,,
LCLWT5,,,
97XGM4,,,
CYBW44,,,
QL9NCW,,,
LA669J,,,
4QM8L2,,,
TVSE8J,,,
96RZRD,,,
62XQRC,,,
T5NW3J,,,
3Y9ZQP,,,
YZ9FN8,,,
N3EE2Y,,,
NB8ZGZ,,,
7KZSCS,,,
3XZQFX,,,
CRGNY6,,,
N268RR,,,
D4U9KX,,,
LPFU82,,,
ZA96E7,,,
L6P9ZA,,,
WPHSC3,,,
7S7NXM,,,
SZRH6Y,,,
XNEH9M,,,
4A9FUB,,,
EKB7YU,,,
5VCJ66,,,
FH69WH,,,
DVF9Y6,,,
Y8KW3J,,,
JL2F6T,,,
WC6DFE,,,
FATGY7,,,
5FQJMV,,,
Z6944P,,,
YTJ34R,,,
ZGXB8N,,,
U8XNRB,,,
4ETE96,,,
XGW2TH,,,
92ZD4S,,,
QHFHQ6,,,
N8QBSA,,,
7VVGXE,,,
JT5GUA,,,
386XEH,,,
N3DFZG,,,
VWC4RE,,,
87SS5E,,,
N2AET9,,,
LBYBV3,,,
GQXN33,,,
RJ97WX,,,
68EDXQ,,,
AB772G,,,
BBG36V,,,
G64AK5,,,
P68LXZ,,,
23LJDC,,,
6CWNEW,,,
GRK7TX,,,
S4AXB8,,,
L2HLJX,,,
3P7WER,,,
Q9V5WP,,,
BWS64C,,,
9YE7NQ,,,
EQDS7A,,,
VZ24MG,,,
RBA32S,,,
779TTH,,,
P57MBL,,,
F6J7C9,,,
J66KJW,,,
2E3FZ9,,,
D9YW95,,,
BVSK73,,,
4Q53AW,,,
PXQKP8,,,
MVDUJ6,,,
AAQX6B,,,
AK89KE,,,
ZJ3QRG,,,
C72HD9,,,
8Z63CG,,,
UDQHJ7,,,
2VG7ZZ,,,
TDN3H8,,,
AFQWX2,,,
EFF824,,,
VALL4N,,,
3X77KD,,,
9WUXW8,,,
KMJQZ2,,,
MMV2TC,,,
PFDD57,,,
VWE8GK,,,
HA4ZXX,,,
B4M7AK,,,
CNQPQ4,,,
MW48TJ,,,
94MMWC,,,
B8448S,,,
ZH8DGA,,,
YY57RX,,,
BBWGV8,,,
K6G4H7,,,
RUQG3W,,,
KCY5Z9,,,
KDF9TD,,,
B4WBNS,,,
H9LRVJ,,,
UL2FAS,,,
9VXAA3,,,
2P6X5L,,,
QFG8TB,,,
EKTA5C,,,
MQN2P9,,,
T9HR6L,,,
DP3XW3,,,
BU4MJ2,,,
WC5S73,,,
VD62FG,,,
RHAQ86,,,
THH3VR,,,
E9YTY8,,,
F6VP9P,,,
NF6CZV,,,
52CAQP,,,
CB2G5E,,,
YB2XGG,,,
C9TTGE,,,
SE2W5R,,,
E33FSH,,,
EJC32Y,,,
FT4RW3,,,
QLLZ92,,,
H4KXXA,,,
A2LKYH,,,
5BPDBG,,,
TAT4RL,,,
MMQC2B,,,
JHYX95,,,
7Q5EJT,,,
RCAK6M,,,
FPLUB3,,,
U9MJA6,,,
YBG28Z,,,
UP5QSE,,,
6SNUJV,,,
7SL8T8,,,
6B7DKG,,,
B6M239,,,
5WQYP8,,,
F6DJR4,,,
FQTFF8,,,
H3WQMT,,,
S6PAV3,,,
HAZTW9,,,
JW4JD5,,,
VFZ6SF,,,
Z45ZET,,,
SYHMW3,,,
5UD2P3,,,
8RV4KZ,,,
A6GUFB,,,
8CSA2U,,,
WTV7BD,,,
3G74HW,,,
JZP7BJ,,,
UR7Z6B,,,
6FBCKH,,,
PZE6T4,,,
LVX2S9,,,
